{
  "pair_cosine_en": 0.29216694831848145,
  "pair_cosine_es": 0.26276981830596924,
  "pair_cosine_fr": 0.27078214287757874,
  "acc@1_en": 1.0,
  "acc@3_en": 1.0,
  "bleu_top1_en": 100.00000000000004,
  "acc@1_es": 0.875,
  "acc@3_es": 0.875,
  "bleu_top1_es": 86.95072535546655,
  "acc@1_fr": 1.0,
  "acc@3_fr": 1.0,
  "bleu_top1_fr": 100.00000000000004
}