query_text_idx,hits_image,hits_score
0,"[""camera.jpeg"", ""cat.jpeg"", ""girl.jpeg""]","[2.54907488822937, 2.2078099250793457, 1.8921315670013428]"
1,"[""cat.jpeg"", ""coffee.jpeg"", ""motorcycle_right.jpeg""]","[2.883669376373291, 1.9446736574172974, 1.8744893074035645]"
2,"[""coffee.jpeg"", ""teacher.jpeg"", ""house_wife.jpeg""]","[2.7752695083618164, 2.029794216156006, 1.9157394170761108]"
3,"[""girl.jpeg"", ""teacher.jpeg"", ""cat.jpeg""]","[2.5125792026519775, 2.037224531173706, 2.0049290657043457]"
4,"[""house_wife.jpeg"", ""teacher.jpeg"", ""girl.jpeg""]","[2.580667495727539, 1.9997409582138062, 1.983344554901123]"
5,"[""motorcycle_right.jpeg"", ""cat.jpeg"", ""camera.jpeg""]","[2.2368688583374023, 1.9039344787597656, 1.7676172256469727]"
6,"[""camera.jpeg"", ""teacher.jpeg"", ""coffee.jpeg""]","[1.9608279466629028, 1.9046286344528198, 1.891491174697876]"
7,"[""page.png"", ""coffee.jpeg"", ""camera.jpeg""]","[2.822348117828369, 2.3738551139831543, 2.327085018157959]"
