query_text_idx,hits_image,hits_score
0,"[""camera.jpeg"", ""cat.jpeg"", ""girl.jpeg""]","[2.6722869873046875, 2.1624650955200195, 1.8431555032730103]"
1,"[""cat.jpeg"", ""motorcycle_right.jpeg"", ""camera.jpeg""]","[2.868610382080078, 1.96225905418396, 1.7794559001922607]"
2,"[""coffee.jpeg"", ""teacher.jpeg"", ""camera.jpeg""]","[2.8620738983154297, 2.158599853515625, 2.037099838256836]"
3,"[""girl.jpeg"", ""teacher.jpeg"", ""cat.jpeg""]","[2.3822178840637207, 2.011239528656006, 1.9396872520446777]"
4,"[""house_wife.jpeg"", ""girl.jpeg"", ""teacher.jpeg""]","[2.7221736907958984, 2.096127986907959, 1.9458255767822266]"
5,"[""motorcycle_right.jpeg"", ""cat.jpeg"", ""camera.jpeg""]","[1.9279115200042725, 1.887851357460022, 1.5706803798675537]"
6,"[""teacher.jpeg"", ""camera.jpeg"", ""cat.jpeg""]","[2.2158796787261963, 2.192797899246216, 2.1520187854766846]"
7,"[""page.png"", ""camera.jpeg"", ""coffee.jpeg""]","[3.383174419403076, 2.5087530612945557, 2.3678410053253174]"
