query_text_idx,hits_image,hits_score
0,"[""camera.jpeg"", ""coffee.jpeg"", ""teacher.jpeg""]","[2.3938143253326416, 2.337967872619629, 2.227686882019043]"
1,"[""coffee.jpeg"", ""teacher.jpeg"", ""camera.jpeg""]","[2.1960182189941406, 2.1876630783081055, 2.0962414741516113]"
2,"[""girl.jpeg"", ""coffee.jpeg"", ""camera.jpeg""]","[2.450972318649292, 2.4484055042266846, 2.440098762512207]"
3,"[""girl.jpeg"", ""coffee.jpeg"", ""camera.jpeg""]","[2.386601448059082, 2.1612205505371094, 2.1012139320373535]"
4,"[""camera.jpeg"", ""coffee.jpeg"", ""cat.jpeg""]","[2.3167269229888916, 2.2516937255859375, 2.147524833679199]"
5,"[""camera.jpeg"", ""coffee.jpeg"", ""teacher.jpeg""]","[2.2863047122955322, 2.254082202911377, 2.2291207313537598]"
6,"[""camera.jpeg"", ""coffee.jpeg"", ""teacher.jpeg""]","[2.2952640056610107, 2.245978355407715, 2.0578794479370117]"
7,"[""page.png"", ""camera.jpeg"", ""coffee.jpeg""]","[2.5903127193450928, 2.239309072494507, 2.220153331756592]"
